{
	"dependency_packages": [
		"com.github.juliakas",
		"com.github.juliakas.models",
		"com.github.juliakas.rest",
		"com.github.juliakas.restEsapi",
		"com.github.juliakas.restFixed",
		"com.github.juliakas.startup",
		"oracle.security.pki",
		"oracle.security.pki.exception",
		"oracle.security.pki.internal",
		"oracle.security.pki.ldap",
		"oracle.security.pki.resources",
		"oracle.security.pki.ssl",
		"oracle.security.pki.textui",
		"oracle.security.pki.util"
	],
	"files_staged": [
		"TestSQLI-1.0-SNAPSHOT.jar",
		"TestSQLI_war.war",
		"antisamy-1.5.8.jar",
		"antisamy-1.5.8.jar",
		"batik-constants-1.11.jar",
		"batik-css-1.11.jar",
		"batik-i18n-1.11.jar",
		"batik-util-1.11.jar",
		"bsh-2.0b6.jar",
		"commons-beanutils-1.9.3.jar",
		"commons-codec-1.12.jar",
		"commons-collections-3.2.2.jar",
		"commons-collections4-4.2.jar",
		"commons-configuration-1.10.jar",
		"commons-fileupload-1.4.jar",
		"commons-fileupload-1.4.jar",
		"commons-io-2.6.jar",
		"commons-lang-2.6.jar",
		"commons-logging-1.2.jar",
		"esapi-2.2.0.0.jar",
		"esapi-2.2.0.0.jar",
		"httpclient-4.5.8.jar",
		"httpcore-4.4.11.jar",
		"javax.ws.rs-api-2.1.1.jar",
		"log4j-1.2.17.jar",
		"lombok-1.18.12.jar",
		"nekohtml-1.9.22.jar",
		"ojdbc8-19.3.0.0.jar",
		"ojdbc8-19.3.0.0.jar",
		"ons-19.3.0.0.jar",
		"ons-19.3.0.0.jar",
		"oraclepki-19.3.0.0.jar",
		"oraclepki-19.3.0.0.jar",
		"osdt_cert-19.3.0.0.jar",
		"osdt_cert-19.3.0.0.jar",
		"osdt_core-19.3.0.0.jar",
		"osdt_core-19.3.0.0.jar",
		"serializer-2.7.2.jar",
		"simplefan-19.3.0.0.jar",
		"simplefan-19.3.0.0.jar",
		"slf4j-api-1.7.26.jar",
		"ucp-19.3.0.0.jar",
		"ucp-19.3.0.0.jar",
		"xalan-2.7.2.jar",
		"xercesImpl-2.12.0.jar",
		"xml-apis-1.4.01.jar",
		"xml-apis-ext-1.3.04.jar",
		"xmlgraphics-commons-2.3.jar",
		"xom-1.2.10.jar"
	],
	"memory_footprint": {
		"TestSQLI-1.0-SNAPSHOT.jar": 65,
		"TestSQLI_war.war": 67,
		"TestSQLI_war.war.child\/WEB-INF\/lib\/antisamy-1.5.8.jar": 93,
		"TestSQLI_war.war.child\/WEB-INF\/lib\/batik-constants-1.11.jar": 41,
		"TestSQLI_war.war.child\/WEB-INF\/lib\/batik-css-1.11.jar": 47,
		"TestSQLI_war.war.child\/WEB-INF\/lib\/batik-i18n-1.11.jar": 47,
		"TestSQLI_war.war.child\/WEB-INF\/lib\/batik-util-1.11.jar": 49,
		"TestSQLI_war.war.child\/WEB-INF\/lib\/bsh-2.0b6.jar": 9,
		"TestSQLI_war.war.child\/WEB-INF\/lib\/commons-beanutils-1.9.3.jar": 66,
		"TestSQLI_war.war.child\/WEB-INF\/lib\/commons-codec-1.12.jar": 70,
		"TestSQLI_war.war.child\/WEB-INF\/lib\/commons-collections-3.2.2.jar": 81,
		"TestSQLI_war.war.child\/WEB-INF\/lib\/commons-collections4-4.2.jar": 23,
		"TestSQLI_war.war.child\/WEB-INF\/lib\/commons-configuration-1.10.jar": 87,
		"TestSQLI_war.war.child\/WEB-INF\/lib\/commons-fileupload-1.4.jar": 93,
		"TestSQLI_war.war.child\/WEB-INF\/lib\/commons-io-2.6.jar": 91,
		"TestSQLI_war.war.child\/WEB-INF\/lib\/commons-lang-2.6.jar": 95,
		"TestSQLI_war.war.child\/WEB-INF\/lib\/commons-logging-1.2.jar": 95,
		"TestSQLI_war.war.child\/WEB-INF\/lib\/esapi-2.2.0.0.jar": 100,
		"TestSQLI_war.war.child\/WEB-INF\/lib\/httpclient-4.5.8.jar": 35,
		"TestSQLI_war.war.child\/WEB-INF\/lib\/httpcore-4.4.11.jar": 41,
		"TestSQLI_war.war.child\/WEB-INF\/lib\/javax.ws.rs-api-2.1.1.jar": 97,
		"TestSQLI_war.war.child\/WEB-INF\/lib\/log4j-1.2.17.jar": 105,
		"TestSQLI_war.war.child\/WEB-INF\/lib\/lombok-1.18.12.jar": 61,
		"TestSQLI_war.war.child\/WEB-INF\/lib\/nekohtml-1.9.22.jar": 107,
		"TestSQLI_war.war.child\/WEB-INF\/lib\/ojdbc8-19.3.0.0.jar": 47,
		"TestSQLI_war.war.child\/WEB-INF\/lib\/ons-19.3.0.0.jar": 49,
		"TestSQLI_war.war.child\/WEB-INF\/lib\/oraclepki-19.3.0.0.jar": 70,
		"TestSQLI_war.war.child\/WEB-INF\/lib\/osdt_cert-19.3.0.0.jar": 74,
		"TestSQLI_war.war.child\/WEB-INF\/lib\/osdt_core-19.3.0.0.jar": 78,
		"TestSQLI_war.war.child\/WEB-INF\/lib\/serializer-2.7.2.jar": 65,
		"TestSQLI_war.war.child\/WEB-INF\/lib\/simplefan-19.3.0.0.jar": 78,
		"TestSQLI_war.war.child\/WEB-INF\/lib\/slf4j-api-1.7.26.jar": 61,
		"TestSQLI_war.war.child\/WEB-INF\/lib\/ucp-19.3.0.0.jar": 100,
		"TestSQLI_war.war.child\/WEB-INF\/lib\/xalan-2.7.2.jar": 12,
		"TestSQLI_war.war.child\/WEB-INF\/lib\/xercesImpl-2.12.0.jar": 36,
		"TestSQLI_war.war.child\/WEB-INF\/lib\/xml-apis-1.4.01.jar": 41,
		"TestSQLI_war.war.child\/WEB-INF\/lib\/xml-apis-ext-1.3.04.jar": 38,
		"TestSQLI_war.war.child\/WEB-INF\/lib\/xmlgraphics-commons-2.3.jar": 59,
		"TestSQLI_war.war.child\/WEB-INF\/lib\/xom-1.2.10.jar": 64,
		"antisamy-1.5.8.jar": 71,
		"commons-fileupload-1.4.jar": 78,
		"esapi-2.2.0.0.jar": 92,
		"ojdbc8-19.3.0.0.jar": 46,
		"ons-19.3.0.0.jar": 55,
		"oraclepki-19.3.0.0.jar": 89,
		"osdt_cert-19.3.0.0.jar": 98,
		"osdt_core-19.3.0.0.jar": 110,
		"simplefan-19.3.0.0.jar": 117,
		"ucp-19.3.0.0.jar": 37
	},
	"user_code_to_be_analyzed": [
		"CertificateTest",
		"KeyStoreTest",
		"nu.xom",
		"nu.xom.canonical",
		"nu.xom.converters",
		"nu.xom.jaxen",
		"nu.xom.jaxen.expr",
		"nu.xom.jaxen.expr.iter",
		"nu.xom.jaxen.function",
		"nu.xom.jaxen.function.ext",
		"nu.xom.jaxen.function.xslt",
		"nu.xom.jaxen.saxpath",
		"nu.xom.jaxen.saxpath.base",
		"nu.xom.jaxen.saxpath.helpers",
		"nu.xom.jaxen.util",
		"nu.xom.tests",
		"nu.xom.xinclude",
		"nu.xom.xslt",
		"org.owasp.validator.css",
		"org.owasp.validator.html",
		"org.owasp.validator.html.model",
		"org.owasp.validator.html.scan",
		"org.owasp.validator.html.util"
	]
}